{
  "camera_matrix": [
    [
      836.84712717,
      0.0,
      643.78276191
    ],
    [
      0.0,
      836.78674967,
      361.98923042
    ],
    [
      0.0,
      0.0,
      1.0
    ]
  ],
  "dist_coeffs": [
    -0.05726028,
    0.08830815,
    0.00106169,
    0.00274017,
    0.05117629
  ],
  "marker_points": [
    [
      -0.030,
      0.006,
      0.0
    ],
    [
      -0.011,
      0.023,
      0.0
    ],
    [
      0.024,
      0.0,
      0.0
    ],
    [
      -0.007,
      -0.026,
      0.0
    ]
  ]
}