{
  "camera_matrix": [
    [
      558.33981112,
      0.0,
      322.8066192
    ],
    [
      0.0,
      558.33569924,
      242.01119129
    ],
    [
      0.0,
      0.0,
      1.0
    ]
  ],
  "dist_coeffs": [
    -0.07061896,
    0.23345918,
    0.00138731,
    0.0027934,
    -0.37310542
  ],
  "marker_points": [
    [
      -0.01,
      -0.02,
      0.0
    ],
    [
      0.01,
      -0.01,
      0.0
    ],
    [
      0.01,
      0.01,
      0.0
    ],
    [
      -0.01,
      0.01,
      0.0
    ]
  ]
}