{
  "camera_matrix": [
    [
      478.11017984,
      0.0,
      322.59805209
    ],
    [
      0.0,
      478.29786406,
      195.78709198
    ],
    [
      0.0,
      0.0,
      1.0
    ]
  ],
  "dist_coeffs": [
    0.159361045,
    0.00175631861,
    -0.000966795628,
    0.00116524400,
    -1.18066737
  ],
  "marker_points": [
    [
      -0.01,
      -0.01,
      0.0
    ],
    [
      0.01,
      -0.01,
      0.0
    ],
    [
      0.01,
      0.01,
      0.0
    ],
    [
      -0.01,
      0.01,
      0.0
    ]
  ]
}