{
  "camera_matrix": [
    [
      956.73807887,
      0.0,
      646.05179366
    ],
    [
      0.0,
      957.04909454,
      391.09798547
    ],
    [
      0.0,
      0.0,
      1.0
    ]
  ],
  "dist_coeffs": [
    0.16659154,
    -0.10663229,
    -0.00154497,
    0.00122467,
    -0.68131444
  ],
  "marker_points": [
    [
      -0.02,
      -0.02,
      0.0
    ],
    [
      0.02,
      -0.02,
      0.0
    ],
    [
      0.02,
      0.02,
      0.0
    ],
    [
      -0.02,
      0.02,
      0.0
    ]
  ]
}