{
  "camera_matrix": [
    [
      478.11014222,
      0.0,
      322.5980659
    ],
    [
      0.0,
      478.29780985,
      195.78710951
    ],
    [
      0.0,
      0.0,
      1.0
    ]
  ],
  "dist_coeffs": [
    0.159361051,
    0.00175627619,
    -0.000966834121,
    0.00116527859,
    -1.18066363
  ],
  "marker_points": [
    [
      -0.01,
      -0.01,
      0.0
    ],
    [
      0.01,
      -0.01,
      0.0
    ],
    [
      0.01,
      0.01,
      0.0
    ],
    [
      -0.01,
      0.01,
      0.0
    ]
  ]
}