{
  "camera_matrix": [
    [
      670.11356945,
      0.0,
      305.8467491
    ],
    [
      0.0,
      669.75752644,
      236.02306028
    ],
    [
      0.0,
      0.0,
      1.0
    ]
  ],
  "dist_coeffs": [
    -0.464781215,
    0.318018954,
    -0.00000758043836,
    -0.000240260303,
    -0.138414356
  ],
  "marker_points": [
    [
      -0.02,
      -0.02,
      0.0
    ],
    [
      0.02,
      -0.02,
      0.0
    ],
    [
      0.02,
      0.02,
      0.0
    ],
    [
      -0.02,
      0.02,
      0.0
    ]
  ]
}